{"access_token": "ya29.A0ARrdaM_h9-a_zhWJh55utn16EEWV9dTAIDVNf34p7R2O7tJgzaQt6FMO7Syr3-4uFORSlVvaOX9Om0Rp0oAHsUnoV3NcJCDhEPRWT3luxvgzsfR_lr9vtO9toAshqbDpe10EmMdxpy-djYGgvXj9tNwPdqib", "client_id": "303423050557-mspt9tiulqege2gevekvf2jrkg60n44r.apps.googleusercontent.com", "client_secret": "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", "refresh_token": "1//0eVpUsFR_NVQXCgYIARAAGA4SNwF-L9IrA8HTj7gk4z1sIpc-4y-E7BZOqzOpfLq9QnsxkaqA4iHfrZNq8GQF7HU1kyFC71x4q2Y", "token_expiry": "2022-04-26T04:05:47Z", "token_uri": "https://oauth2.googleapis.com/token", "user_agent": null, "revoke_uri": "https://oauth2.googleapis.com/revoke", "id_token": null, "id_token_jwt": null, "token_response": {"access_token": "ya29.A0ARrdaM_h9-a_zhWJh55utn16EEWV9dTAIDVNf34p7R2O7tJgzaQt6FMO7Syr3-4uFORSlVvaOX9Om0Rp0oAHsUnoV3NcJCDhEPRWT3luxvgzsfR_lr9vtO9toAshqbDpe10EmMdxpy-djYGgvXj9tNwPdqib", "expires_in": 3599, "refresh_token": "1//0eVpUsFR_NVQXCgYIARAAGA4SNwF-L9IrA8HTj7gk4z1sIpc-4y-E7BZOqzOpfLq9QnsxkaqA4iHfrZNq8GQF7HU1kyFC71x4q2Y", "scope": "https://www.googleapis.com/auth/drive", "token_type": "Bearer"}, "scopes": ["https://www.googleapis.com/auth/drive"], "token_info_uri": "https://oauth2.googleapis.com/tokeninfo", "invalid": false, "_class": "OAuth2Credentials", "_module": "oauth2client.client"}